Zbiór,Dokładność float,Wyznacznik,Epsilon,Punktów z lewej,Punktów po środku,Punktów po prawej
b,float64,mat_det_3x3,0e+00,49739,0,50261
b,float64,mat_det_3x3,1e-06,49739,0,50261
b,float64,mat_det_3x3,1e-12,49739,0,50261
b,float64,mat_det_3x3,1e-16,49739,0,50261
b,float64,mat_det_3x3_lib,0e+00,49739,0,50261
b,float64,mat_det_3x3_lib,1e-06,49739,0,50261
b,float64,mat_det_3x3_lib,1e-12,49739,0,50261
b,float64,mat_det_3x3_lib,1e-16,49739,0,50261
b,float64,mat_det_2x2,0e+00,49735,0,50265
b,float64,mat_det_2x2,1e-06,49735,7,50258
b,float64,mat_det_2x2,1e-12,49735,7,50258
b,float64,mat_det_2x2,1e-16,49735,7,50258
b,float64,mat_det_2x2_lib,0e+00,49735,0,50265
b,float64,mat_det_2x2_lib,1e-06,49735,5,50260
b,float64,mat_det_2x2_lib,1e-12,49735,5,50260
b,float64,mat_det_2x2_lib,1e-16,49735,5,50260
b,float32,mat_det_3x3,0e+00,49739,0,50261
b,float32,mat_det_3x3,1e-06,49739,0,50261
b,float32,mat_det_3x3,1e-12,49739,0,50261
b,float32,mat_det_3x3,1e-16,49739,0,50261
b,float32,mat_det_3x3_lib,0e+00,49739,0,50261
b,float32,mat_det_3x3_lib,1e-06,49739,0,50261
b,float32,mat_det_3x3_lib,1e-12,49739,0,50261
b,float32,mat_det_3x3_lib,1e-16,49739,0,50261
b,float32,mat_det_2x2,0e+00,49733,0,50267
b,float32,mat_det_2x2,1e-06,49733,9,50258
b,float32,mat_det_2x2,1e-12,49733,9,50258
b,float32,mat_det_2x2,1e-16,49733,9,50258
b,float32,mat_det_2x2_lib,0e+00,49736,0,50264
b,float32,mat_det_2x2_lib,1e-06,49736,6,50258
b,float32,mat_det_2x2_lib,1e-12,49736,6,50258
b,float32,mat_det_2x2_lib,1e-16,49736,6,50258